n_neurons,Q,F,D,Psi,B,Phi,N,composite_score,gSig,rf,overlap_fraction,nb,decay_time,occupancy_frac,stride,K,nb_patch,runtime_s
26,0.5172278322801603,0.9682522115223732,0.0,0.30296707348980784,0.22091019295288356,0.32741833401818865,0.05232581900173975,1.2880302815991258,10,20,0.43390730008183087,4,0.2,0.07499372895450074,17,1,4,44.1
36,0.5648681555988985,0.9673298185374177,0.0,0.16269449949509027,0.2303643113619636,0.26896596473463324,0.05942342047080074,1.5799352200599095,7,25,0.24286004537658226,4,0.1,0.2304996930667062,12,3,4,39.5
14,0.5331176960428783,0.9679809813861605,0.0,0.2118243262646426,0.22528975848346783,0.4186123869363829,0.02851517030802122,1.3053923661831683,11,22,0.4976634677873653,4,0.25,0.051766576304929354,21,1,4,41.7
79,0.6371625055381009,0.9647022791973239,0.0,0.09197322866915186,0.22458228625213514,0.3797125453290628,0.05489394710744981,1.6824973467029685,3,40,0.31995829151457666,3,0.3,0.10819283510757607,25,14,3,40.1
84,0.6160004614571843,0.9649772170172022,0.0,0.10377619716847747,0.23978249888789546,0.2962223669351516,0.0350913198112701,1.6946339862896291,4,60,0.31473859738014887,4,0.2,0.2649851016840802,37,48,4,52.7
14,0.5692087928031989,0.9617732743536139,0.0,0.21398879801050832,0.23380900343757455,0.23390246420434904,0.030771658666753687,1.5507809253597438,12,60,0.44329231829136306,4,0.2,0.3,53,7,4,43.9
185,0.6221718941925151,0.9676290580228029,0.0,0.1166389585118599,0.21987242625397466,0.31919836483876035,0.05552814190995059,1.6939633808852004,3,60,0.2374480368000988,4,0.15,0.3,28,90,4,67.9
177,0.6055540149684909,0.9652923977699863,0.01694915254237288,0.10878653213839429,0.24710735788440893,0.3734536359626367,0.053189643328916764,1.571777673514632,3,60,0.2738816873289128,4,0.2,0.3,32,90,4,67.7
72,0.6515433215311344,0.9637899385680804,0.0,0.08601589766138346,0.24440812028480624,0.3584960444677124,0.0979042149813715,1.749112686849536,3,40,0.37032923848297794,3,0.15,0.05,29,7,3,36.3
73,0.6424318364471253,0.9628545343221854,0.0,0.08561838231812097,0.24177335994562157,0.3333686139635642,0.05987848304975721,1.7377837724868186,3,40,0.5,3,0.15,0.05,40,7,3,37.7
11,0.47415683478222886,0.9640703095141718,0.0,0.24025096125396767,0.2443977733829733,0.3845427946004284,0.053540766928029816,1.1921617199967616,6,40,0.3385442369493443,3,0.15,0.05,27,2,3,29.0
36,0.575964528297402,0.963269668543985,0.0,0.09322739948962404,0.2504521579103721,0.36494733017564324,0.13157635778871926,1.5975860954126953,4,80,0.2,3,0.15,0.05,32,16,3,36.7
122,0.5936249699230391,0.9651284169704312,0.0,0.06952756268268004,0.23877110950700864,0.3572268901801927,0.2442347526928444,1.7283557255465547,3,15,0.2,3,0.15,0.05,6,1,3,30.3
73,0.6494578089623757,0.9620699314617447,0.0,0.08846483823449966,0.24502457509931486,0.33062801730055036,0.05987848304975721,1.7493196478266675,3,40,0.4983333489308292,3,0.15,0.05,39,7,3,36.4
25,0.515964986791227,0.9639329443287667,0.0,0.20303130181729312,0.2507668534800188,0.42571958434289525,0.0931772248541833,1.2883172174381148,9,25,0.3950671943866499,3,0.2,0.1103487693690145,19,1,3,30.6
39,0.5861323833324014,0.9626112269457403,0.0,0.11045229286762631,0.24292805231703363,0.3776524953233926,0.056089466651043564,1.5533519125865296,4,40,0.5,3,0.15,0.05,40,4,3,36.8
56,0.6367065292959334,0.9641166584585739,0.0,0.18331158772614567,0.24129270501021743,0.367341566350516,0.09418721505970107,1.6133238179985208,3,40,0.2564238796027186,3,0.15,0.05,20,7,3,34.8
54,0.6017928560977145,0.9659836846956119,0.0,0.10912095496102253,0.24133374236161917,0.35980970617375063,0.06595796779179743,1.6129508484713568,5,60,0.24381156718042532,4,0.15,0.18243094374126223,29,22,4,46.1
8,0.6458254380871473,0.9581220731245264,0.0,0.3730345721894284,0.2721557269938471,0.3634500994973833,0.06062462181643484,1.4075227250233033,12,60,0.41294002486229575,3,0.1,0.08165813173162409,49,2,3,32.2
171,0.6173414296814546,0.9683215911366237,0.0,0.0501494951784177,0.22274134269793203,0.295248895232019,0.05205862644624281,1.7722647019632511,3,25,0.5,4,0.1,0.1525343295841776,25,8,4,54.7
181,0.5983722353813694,0.9650735712867652,0.0,0.06371560409013807,0.23975215721085455,0.355610435400983,0.08468934722647045,1.6649605975661907,3,15,0.5,3,0.15,0.08324208756657539,15,2,3,48.3
177,0.6181456517799078,0.968710699544154,0.0,0.06977303787993275,0.21985574759168827,0.29728496834621176,0.04329892439514766,1.7496655852795548,3,25,0.5,4,0.1,0.19725554622354896,25,10,4,59.8
120,0.6150952356147826,0.9635541774676125,0.0,0.139806205259368,0.22600913984104112,0.2641417035729638,0.023055776299925893,1.6883200580942885,3,80,0.5,4,0.15,0.1992232088912419,80,105,4,70.5
111,0.574978573124335,0.9682535216286554,0.0,0.08872290904343667,0.2185858953027848,0.3056862496173557,0.06390663307223951,1.64646187810126,5,15,0.4599410819570504,4,0.1,0.3,13,2,4,48.2
151,0.6308619178088689,0.9685801389592051,0.0,0.07027032532931729,0.21336641779854426,0.29818346353082775,0.10587813315006508,1.8081060433925584,3,25,0.2,4,0.2,0.14613843625929934,10,8,4,48.3
104,0.6069048871542733,0.9673549143233384,0.0,0.08691938955794198,0.22647624856291212,0.3122131164268295,0.18658595558041216,1.7620870361558634,3,25,0.2,4,0.2,0.05,10,3,4,34.8
191,0.6401913714784567,0.961070642750871,0.010471204188481676,0.06033351725289232,0.26406389141875175,0.314269279577103,0.027862644063476123,1.7330431589174287,3,40,0.5,4,0.15,0.3,40,40,4,63.6
167,0.6163123012488233,0.9681317143390546,0.0,0.05771581278284201,0.2237289366544923,0.29491650801903346,0.05087133037325657,1.761695192894208,3,25,0.5,4,0.1,0.15181878938681725,25,8,4,57.0
166,0.6358905088543361,0.9643160464363031,0.024096385542168676,0.08152164159982905,0.23840683403392293,0.3077584502493263,0.05158024300977485,1.7172590984704925,3,25,0.2504212679557991,4,0.2,0.3,12,16,4,62.0
155,0.6062413004850933,0.9688528408015703,0.0,0.0563390756073848,0.21366783163859543,0.30600890139222336,0.0938661362320912,1.7590866170688966,3,25,0.3319615267422633,4,0.2,0.12783595822041485,16,7,4,48.2
10,0.6133054911986456,0.96679815638829,0.0,0.2220014194573668,0.2317377049128911,0.3290125186867693,0.050772325373423216,1.5519125108717111,12,40,0.2,4,0.1,0.3,16,3,4,38.9
152,0.6354804574000119,0.9590477234587331,0.0,0.05979578764272636,0.2761301020061761,0.384777161081423,0.10654324790687573,1.700642262484957,3,25,0.2,3,0.15,0.15905777113519942,10,8,3,44.9
117,0.5881747646077782,0.9674895346159524,0.0,0.06701156066045871,0.2257581728251231,0.3309728498753724,0.12456272264176223,1.695256928203997,4,15,0.2,4,0.3,0.1738986648095599,6,2,4,49.5
83,0.6042498679972194,0.9691559717777853,0.0,0.10334429920788898,0.21414974993818642,0.33552566926223576,0.06687952883954475,1.6651506287527784,3,25,0.5,4,0.25,0.05,25,3,4,36.9
185,0.583650514184042,0.9684446483785725,0.0,0.06386087478893537,0.2206200000460292,0.31751742872730443,0.058477711008670705,1.6732962287117372,3,15,0.5,4,0.15,0.15242741085177736,15,3,4,60.0
89,0.6310470444048016,0.9641365430398773,0.0,0.14598573932668368,0.2305446013849421,0.25024434659093364,0.05413300857992747,1.7417947495293558,3,80,0.24552296591939102,4,0.1,0.1215458800034042,39,64,4,58.0
68,0.6210514809123288,0.9611131794876322,0.0,0.12166028976261371,0.24185385700439302,0.34023385528478617,0.02145192671795137,1.6311210311216688,3,80,0.5,3,0.2,0.1211843996387742,80,64,3,60.4
188,0.5841800935378113,0.9686401345180857,0.0,0.05683136535474155,0.21936128518905712,0.314019136902338,0.05939838009319054,1.686168366788696,3,15,0.5,4,0.1,0.13753838788178102,15,3,4,59.9
148,0.6163968842205868,0.9681944672376863,0.0,0.06672458964206929,0.22409638109263433,0.2863729667103856,0.051507557145931936,1.7615962673530543,3,25,0.5,4,0.1,0.14046746270029883,25,7,4,50.9
143,0.6094009041420594,0.9674637402177414,0.0,0.06456879553458858,0.23170762154687105,0.2949726447507155,0.06114321333352836,1.741441904109885,3,25,0.4519833165511768,4,0.1,0.13615634471108687,22,7,4,47.7
158,0.5964683511002759,0.9586716706827334,0.0,0.06334282876982501,0.2766381593862475,0.396790619886308,0.06064789955477083,1.5834797943114136,3,25,0.46084436045399335,3,0.1,0.13693474704364558,23,7,3,49.1
119,0.6198802355348019,0.9661588087065283,0.0,0.09776028134967724,0.2464886673298081,0.3180420063400746,0.06804567747817597,1.7008954971605637,4,25,0.2,4,0.15,0.3,10,10,4,50.1
168,0.6182484136119852,0.9682843010146605,0.0,0.061807707853870485,0.2232198744507858,0.29744320693974063,0.05116828657439943,1.7595044195068266,3,25,0.5,4,0.1,0.15964357537738266,25,8,4,54.9
150,0.6318255679804737,0.9685792775115166,0.0,0.07258532858940292,0.2133734187741067,0.299413988211579,0.10521257572117065,1.8061506751450143,3,25,0.2,4,0.15,0.1578998611027768,10,8,4,44.4
134,0.6107505480025088,0.9692687936240093,0.0,0.07357699096940767,0.2139872197091783,0.28871217674128646,0.05433034454504737,1.7486522843362675,3,25,0.5,4,0.2,0.11376589055124567,25,6,4,45.9
146,0.6345943605161347,0.9687055205206403,0.0,0.07678220763192559,0.21414127694177604,0.2902817934746636,0.09165759049150114,1.8095883972211835,3,25,0.2,4,0.15,0.16654225151526542,10,9,4,45.9
167,0.6196365164127775,0.9683976681950656,0.0,0.059429611994918446,0.2233122984561156,0.30387316146905863,0.05087133037325657,1.7581474435152138,3,25,0.5,4,0.1,0.14291446388185486,25,8,4,57.0
146,0.6402225190971612,0.9683100189125591,0.0,0.06664061578047681,0.21752954152614132,0.30415354035437636,0.09165759049150114,1.8150249254547084,3,25,0.2,4,0.15,0.17501118039118801,10,9,4,46.3
151,0.6082134975463058,0.9681276422143814,0.0,0.0809024926696143,0.2233951494214361,0.2962092766688037,0.07809601333167743,1.734793299923696,3,25,0.2,4,0.2,0.20080016554767005,10,11,4,49.3
149,0.6155769087025785,0.9671578923566527,0.006711409395973154,0.06862918139709547,0.22331619045741388,0.3009572596112505,0.06142462185910151,1.7377123703603474,3,25,0.29138454203572556,4,0.15,0.21982399775296696,14,12,4,52.9
168,0.6202762065111839,0.9681109787051193,0.0,0.06022690469015872,0.22426598941794312,0.2953354590352486,0.05116828657439943,1.7665521765803076,3,25,0.5,4,0.2,0.15359831256225998,25,8,4,53.0
151,0.6304159255027348,0.9685557787461622,0.0,0.06971702412528574,0.21363174455648948,0.2939406102107727,0.10587813315006508,1.811853189712361,3,25,0.2,4,0.15,0.15684448003285206,10,8,4,45.2
172,0.617138215588384,0.9682280138587298,0.0,0.05719123739081165,0.22313699642048135,0.2921707542561655,0.05235523033392816,1.767751570345244,3,25,0.5,4,0.2,0.15748377581038395,25,8,4,53.9
168,0.6091708403468373,0.9692170321146316,0.0,0.06845382471876293,0.2137754736955949,0.29297899085094786,0.04561051125205231,1.742043416016824,3,25,0.5,4,0.2,0.16254406458308757,25,9,4,59.3
145,0.6371962018274765,0.9683278297532758,0.0,0.06792382968060892,0.21479827890485892,0.3128110991841647,0.1156204660579924,1.8123963981200217,3,25,0.2,4,0.15,0.12435706408035987,10,7,4,43.6
145,0.6385700722638752,0.9683034778762996,0.0,0.06792447559279643,0.2146212379452216,0.31430890025769803,0.1156204660579924,1.8137098606099409,3,25,0.2,4,0.15,0.12661919827416263,10,7,4,43.8
144,0.6372809072716953,0.9684696824492257,0.0,0.06442210548465133,0.2147087107555665,0.3128149397170747,0.11486717035382074,1.8158736815900174,3,25,0.2,4,0.15,0.12567882720622897,10,7,4,45.0
166,0.6214537254674167,0.9683622157718588,0.0,0.060775705518427925,0.2234936041738497,0.3002558402907771,0.050574285962933396,1.7637784617920287,3,25,0.5,4,0.1,0.15328664305283418,25,8,4,54.6
143,0.6393210739203489,0.9684117895013964,0.0,0.06692975261373221,0.21470910605769966,0.31411756503573357,0.11411330676742104,1.8157087200474888,3,25,0.2,4,0.15,0.12593236282810172,10,7,4,44.7
164,0.6176885998434678,0.9681352432299232,0.0,0.059446904451566,0.22391335233310297,0.2953421634364583,0.049979932305020756,1.7617566650147933,3,25,0.5,4,0.1,0.15992627274426832,25,8,4,53.2
170,0.6174676679287885,0.9683468485406491,0.0,0.05416591994045947,0.22268893532056405,0.29444457236727867,0.05176193455858949,1.7692081917095008,3,25,0.5,4,0.1,0.15849086684171687,25,8,4,53.1
147,0.6254470141620692,0.9685283412976972,0.0,0.05879649843727369,0.21291306232955973,0.30429655440381115,0.11712535723741267,1.8084354642346772,3,25,0.2,4,0.15,0.1329366987246623,10,7,4,44.5
121,0.6359432691692781,0.9683568594981236,0.0,0.07471674707918419,0.2162228837701583,0.33043673251263,0.11272974576437457,1.7833433492419732,3,25,0.2,4,0.1,0.1215390510164268,10,6,4,41.9
145,0.6146302517452751,0.9685621417222344,0.0,0.06512493452703601,0.22207176480520507,0.3166996879077108,0.04431588377451091,1.7271200822626906,3,25,0.5,4,0.3,0.15337906323079034,25,8,4,55.0
146,0.6366531380579868,0.9683722986223755,0.0,0.06961058245343296,0.21472391099966695,0.31329627931201504,0.11637319473485855,1.809596354840497,3,25,0.2,4,0.2,0.1358031668338196,10,7,4,44.7
145,0.6375374107710055,0.9683661090061677,0.0,0.06871142245933778,0.21491109619602655,0.3138238575541915,0.1156204660579924,1.8112603354656323,3,25,0.2,4,0.15,0.13522128096685831,10,7,4,43.7
167,0.6188789225988275,0.9685043080653112,0.0,0.05870186765109203,0.22100622817804963,0.300179474812493,0.05087133037325657,1.7623133618969844,3,25,0.5,4,0.1,0.15962360665751701,25,8,4,52.5
145,0.6379507397151493,0.9683394028934814,0.0,0.06792311563776976,0.21479735192307464,0.311743640866679,0.1156204660579924,1.8149856828867899,3,25,0.2,4,0.2,0.13400163151695452,10,7,4,43.9
146,0.60519513160744,0.9690557910661126,0.0,0.051741136686321826,0.21284313352010462,0.31182617310438915,0.049317659895760715,1.7341160076781097,3,25,0.4953654085211096,4,0.2,0.15040835466791558,24,8,4,53.8
133,0.6401413847035717,0.9682281026586019,0.0,0.08340630167849733,0.21541677432686504,0.32042515962070967,0.10654324790687573,1.7902426475565436,3,25,0.2,4,0.25,0.12746812844300098,10,7,4,46.3
143,0.6403480747931005,0.9682683558147926,0.0,0.07394368513192784,0.2148575369919617,0.3149625566601309,0.11411330676742104,1.8096861484966649,3,25,0.2,4,0.2,0.13391618080426587,10,7,4,44.0
145,0.6387254632081785,0.9682772487418629,0.0,0.07230037983516799,0.2146802572639944,0.31404734505131393,0.1156204660579924,1.8098505546687371,3,25,0.2,4,0.2,0.13387642592137866,10,7,4,45.0
149,0.6249138772739019,0.968533612484936,0.0,0.05382822803427478,0.21296367161048793,0.300677897466423,0.11862798712194766,1.816687399287772,3,25,0.2,4,0.2,0.13383175942950648,10,7,4,44.5
167,0.6201622092873701,0.9683536796423432,0.0,0.05406145977293806,0.22328765124878233,0.2988133844238051,0.05087133037325657,1.7695950935825775,3,25,0.5,4,0.1,0.15342623081739754,25,8,4,55.8
142,0.6399856552254601,0.9683299872765704,0.0,0.06955866509670469,0.21481967546632405,0.31608912982413806,0.1133588744419358,1.811923102294454,3,25,0.2,4,0.2,0.13263260638056468,10,7,4,45.3
169,0.6151018160230134,0.9681231610577541,0.0,0.06360066165848229,0.22448275878180518,0.29795522412362974,0.05146515461873496,1.7502621052401333,3,25,0.5,4,0.1,0.1503642406231987,25,8,4,56.7
143,0.6396292116491152,0.9684097873648951,0.0,0.06693153708633803,0.21470988390606888,0.3141568256331297,0.11411330676742104,1.8162815593743338,3,25,0.2,4,0.2,0.1331476567915708,10,7,4,44.2
169,0.6182987194087896,0.9682192549724437,0.0,0.0575551710925231,0.2233767768066524,0.2937347261016202,0.05146515461873496,1.7675709855019206,3,25,0.5,4,0.1,0.15267227557434818,25,8,4,55.6
145,0.6374776658894312,0.9683663822303548,0.0,0.06871310598718769,0.21491041025788735,0.3137678381262015,0.1156204660579924,1.8111957977958806,3,25,0.2,4,0.2,0.13206571801187172,10,7,4,44.1
168,0.6156392607120265,0.9682175330107144,0.0,0.05728299554874744,0.22349473056481475,0.29266657655437645,0.05116828657439943,1.763383260336436,3,25,0.5,4,0.1,0.1542820861566765,25,8,4,55.6
168,0.6157642373348279,0.9681138675737214,0.0,0.06261111488650353,0.2245477432659211,0.29926250664110493,0.05116828657439943,1.7510789923700079,3,25,0.5,4,0.1,0.15395628867961064,25,8,4,56.1
170,0.6162458673953284,0.9681507851553748,0.0,0.056798192997702966,0.22364606315033733,0.2934772376174664,0.05176193455858949,1.7644250250349884,3,25,0.5,4,0.1,0.1535536420049034,25,8,4,54.0
145,0.6378395197192176,0.968378730608631,0.0,0.06870683316866003,0.21491277892701097,0.31376615873693975,0.1156204660579924,1.8119386217069573,3,25,0.2,4,0.2,0.13232773323133507,10,7,4,45.6
165,0.6230424720425859,0.9683116764930608,0.0,0.05402046307768038,0.2239984281497835,0.2998496829602545,0.05027715329101026,1.7736658371109115,3,25,0.5,4,0.1,0.15069914266899165,25,8,4,53.5
164,0.6210312889588935,0.9683611567735858,0.0,0.05829846079788166,0.22347865044434598,0.299317427045088,0.049979932305020756,1.7660584877787404,3,25,0.5,4,0.1,0.15018139865883823,25,8,4,59.5
142,0.6399764721560603,0.968328448422585,0.0,0.06956215754744824,0.2148191299882899,0.31615453614716377,0.1133588744419358,1.8118345712669164,3,25,0.2,4,0.2,0.1334869440153571,10,7,4,44.1
166,0.6208466903108963,0.9684690539359861,0.0,0.05768042208469011,0.2223266166536551,0.30188992269906295,0.050574285962933396,1.7647159244286645,3,25,0.5,4,0.1,0.15386667489227318,25,8,4,55.8
168,0.6179559712479104,0.9682651202505135,0.0,0.06181662632870707,0.2232615457177239,0.29758977151552607,0.05116828657439943,1.7587240353304385,3,25,0.5,4,0.1,0.15127722171535604,25,8,4,54.4
144,0.6387494232345293,0.9683762058830726,0.0,0.06779789761693733,0.21491144899479273,0.3135470358825622,0.11486717035382074,1.814507979532146,3,25,0.2,4,0.2,0.1320560729235321,10,7,4,44.2
171,0.6158156042474989,0.9682782865933035,0.0,0.058330591873600866,0.2231610298541933,0.29414785613576955,0.05205862644624281,1.7618798453749556,3,25,0.5,4,0.1,0.15226897099944375,25,8,4,55.3
145,0.6385452972389001,0.9683761842292743,0.0,0.06871172104176504,0.2147256672914461,0.3134934111229201,0.1156204660579924,1.8137090459256626,3,25,0.2,4,0.2,0.13142398168269703,10,7,4,46.0
144,0.6390725844693582,0.9683771530266875,0.0,0.06780132184416038,0.21490858567565743,0.3137927463166939,0.11486717035382074,1.814907546143631,3,25,0.2,4,0.2,0.13115096677493587,10,7,4,46.2
145,0.6385291832951621,0.9683027920056088,0.0,0.0679247578573422,0.21462303623412873,0.3142480741671009,0.1156204660579924,1.8136870414834212,3,25,0.2,4,0.2,0.13078411740319526,10,7,4,46.2
145,0.6376336980764568,0.9683770939840323,0.0,0.06871087689243097,0.21491152677946831,0.31365953105775674,0.1156204660579924,1.8116285518260205,3,25,0.2,4,0.2,0.1307215720167037,10,7,4,44.3
145,0.6376072680653543,0.9683745333336325,0.0,0.06871135772180367,0.21491111788543749,0.31375147949594234,0.1156204660579924,1.8114809063328725,3,25,0.2,4,0.2,0.12983804311864186,10,7,4,44.1
144,0.6360282961475909,0.9682973930848439,0.0,0.07140686433514715,0.21483833474353803,0.3150203541613766,0.11486717035382074,1.8039411846886435,3,25,0.2,4,0.2,0.13066532617123372,10,7,4,45.1
146,0.6369868066167537,0.9683707779820544,0.0,0.06961124891497988,0.21472514339066318,0.3134240016039618,0.11637319473485855,1.810133166368718,3,25,0.2,4,0.2,0.1316970170097147,10,7,4,45.1
145,0.6372369337006167,0.9683277592914266,0.0,0.06792363875719659,0.21479765221069075,0.3128232400900775,0.1156204660579924,1.812466154769037,3,25,0.2,4,0.2,0.13157593981538612,10,7,4,43.9
143,0.6404584848354652,0.9682688172576049,0.0,0.07394659090443703,0.2148575022686045,0.31489061206884855,0.11411330676742104,1.8099764862046577,3,25,0.2,4,0.2,0.13130544484781892,10,7,4,44.0
149,0.6244765835428179,0.9685337885634528,0.0,0.05382856293989066,0.2129616990658665,0.3006968033976589,0.11862798712194766,1.81579473333958,3,25,0.2,4,0.2,0.13255480436128236,10,7,4,44.9
